{
  "selected_features": [
    "age",
    "bp",
    "sg",
    "al",
    "pcc",
    "bgr",
    "bu",
    "sc",
    "sod",
    "hemo",
    "pcv",
    "wbcc",
    "rbcc",
    "htn",
    "appet"
  ],
  "all_features": [
    "age",
    "bp",
    "sg",
    "al",
    "su",
    "rbc",
    "pc",
    "pcc",
    "ba",
    "bgr",
    "bu",
    "sc",
    "sod",
    "pot",
    "hemo",
    "pcv",
    "wbcc",
    "rbcc",
    "htn",
    "dm",
    "cad",
    "appet",
    "pe",
    "ane"
  ],
  "numeric_cols": [
    "age",
    "bp",
    "sg",
    "al",
    "su",
    "bgr",
    "bu",
    "sc",
    "sod",
    "pot",
    "hemo",
    "pcv",
    "wbcc",
    "rbcc"
  ],
  "cat_cols": [
    "rbc",
    "pc",
    "pcc",
    "ba",
    "htn",
    "dm",
    "cad",
    "appet",
    "pe",
    "ane"
  ],
  "model_results": {
    "Logistic Regression": {
      "mean_auc": 1.0,
      "std_auc": 0.0
    },
    "Naive Bayes": {
      "mean_auc": 0.99472,
      "std_auc": 0.005166972033986617
    },
    "SVM": {
      "mean_auc": 1.0,
      "std_auc": 0.0
    },
    "Decision Tree": {
      "mean_auc": 0.9479999999999998,
      "std_auc": 0.03187475490101848
    },
    "Random Forest": {
      "mean_auc": 0.9998400000000001,
      "std_auc": 0.0003199999999999648
    },
    "Gradient Boosting": {
      "mean_auc": 0.99968,
      "std_auc": 0.0006399999999999739
    },
    "AdaBoost": {
      "mean_auc": 0.99992,
      "std_auc": 0.0001600000000000268
    },
    "Voting Ensemble": {
      "mean_auc": 1.0,
      "std_auc": 0.0
    },
    "Stacking Ensemble": {
      "mean_auc": 1.0,
      "std_auc": 0.0
    }
  },
  "best_model_name": "Logistic Regression",
  "global_importances": {
    "hemo": 0.22175732217574384,
    "rbcc": 0.1799163179916404,
    "pcv": 0.1531380753138157,
    "sc": 0.13723849372384933,
    "bu": 0.0502092050209165,
    "al": 0.0485355648535518,
    "appet": 0.040167364016738774,
    "htn": 0.036820083681998926,
    "sod": 0.026778242677821203,
    "bp": 0.024267782426772418,
    "wbcc": 0.02343096234309181,
    "pcc": 0.02175732217573408,
    "bgr": 0.014225941422594693,
    "sg": 0.013389121338910601,
    "age": 0.008368200836819996
  },
  "feature_stats": {
    "age": {
      "mean": 53.54020974607211,
      "std": 15.190948280298795,
      "min": -6.860277441105161,
      "max": 111.9382408691661
    },
    "bp": {
      "mean": 78.00682617575137,
      "std": 13.682229597594294,
      "min": 41.03744621806311,
      "max": 119.48573097256086
    },
    "sg": {
      "mean": 1.013908721913352,
      "std": 0.006795140442975168,
      "min": 1.005,
      "max": 1.025
    },
    "al": {
      "mean": 1.884999931363094,
      "std": 1.700777450692685,
      "min": 0.0,
      "max": 5.0
    },
    "su": {
      "mean": 1.0663671264665997,
      "std": 1.39556334781384,
      "min": 0.0,
      "max": 5.0
    },
    "rbc": {
      "mean": 0.47981011611723967,
      "std": 0.4930467421847096,
      "min": 0.0,
      "max": 1.0
    },
    "pc": {
      "mean": 0.525,
      "std": 0.4999999999999999,
      "min": 0.0,
      "max": 1.0
    },
    "pcc": {
      "mean": 0.33296821934769993,
      "std": 0.46246575955715563,
      "min": 0.0,
      "max": 1.0
    },
    "ba": {
      "mean": 0.243083222498648,
      "std": 0.4225754582745533,
      "min": 0.0,
      "max": 1.0
    },
    "bgr": {
      "mean": 127.06863729873156,
      "std": 64.52162778054334,
      "min": -64.47727176070549,
      "max": 380.37245755534434
    },
    "bu": {
      "mean": 54.502054885754916,
      "std": 35.569166609028905,
      "min": -36.7253279476912,
      "max": 179.19854496894223
    },
    "sc": {
      "mean": 2.339128326936655,
      "std": 1.832731283990004,
      "min": 0.3560764537041013,
      "max": 15.96835062848647
    },
    "sod": {
      "mean": 136.41594887349896,
      "std": 8.8136988184824,
      "min": 104.49969890682817,
      "max": 161.65212023085962
    },
    "pot": {
      "mean": 4.3781788430205415,
      "std": 1.0227550735590791,
      "min": 1.4892513858059093,
      "max": 7.603170210820675
    },
    "hemo": {
      "mean": 11.74739315196175,
      "std": 3.0047837770048846,
      "min": 3.895987996344892,
      "max": 17.757704001094904
    },
    "pcv": {
      "mean": 36.37193953139963,
      "std": 8.747526855188616,
      "min": 10.220366872064488,
      "max": 55.656436863073445
    },
    "wbcc": {
      "mean": 8234.205511134196,
      "std": 2978.906768218886,
      "min": -2313.979013793518,
      "max": 16406.042198908483
    },
    "rbcc": {
      "mean": 4.171919281026327,
      "std": 1.0718316408824728,
      "min": 0.37888544441086136,
      "max": 7.0777682412893625
    },
    "htn": {
      "mean": 0.541797442911289,
      "std": 0.48312690451598855,
      "min": 0.0,
      "max": 1.0
    },
    "dm": {
      "mean": 0.3880642559030306,
      "std": 0.47427885087507154,
      "min": 0.0,
      "max": 1.0
    },
    "cad": {
      "mean": 0.19130803638177254,
      "std": 0.3854590728222151,
      "min": 0.0,
      "max": 1.0
    },
    "appet": {
      "mean": 0.4364066478294306,
      "std": 0.49047259950376587,
      "min": 0.0,
      "max": 1.0
    },
    "pe": {
      "mean": 0.2699541542418495,
      "std": 0.43314159963023224,
      "min": 0.0,
      "max": 1.0
    },
    "ane": {
      "mean": 0.3513044373611327,
      "std": 0.4686310538106854,
      "min": 0.0,
      "max": 1.0
    }
  }
}