{
  "selected_features": [
    "age",
    "sg",
    "al",
    "su",
    "rbc",
    "pc",
    "bgr",
    "bu",
    "sc",
    "hemo",
    "pcv",
    "rbcc",
    "htn",
    "dm",
    "pe"
  ],
  "all_features": [
    "age",
    "bp",
    "sg",
    "al",
    "su",
    "rbc",
    "pc",
    "pcc",
    "ba",
    "bgr",
    "bu",
    "sc",
    "sod",
    "pot",
    "hemo",
    "pcv",
    "wbcc",
    "rbcc",
    "htn",
    "dm",
    "cad",
    "appet",
    "pe",
    "ane"
  ],
  "numeric_cols": [
    "age",
    "bp",
    "sg",
    "al",
    "su",
    "bgr",
    "bu",
    "sc",
    "sod",
    "pot",
    "hemo",
    "pcv",
    "wbcc",
    "rbcc"
  ],
  "cat_cols": [
    "rbc",
    "pc",
    "pcc",
    "ba",
    "htn",
    "dm",
    "cad",
    "appet",
    "pe",
    "ane"
  ],
  "model_results": {
    "Logistic Regression": {
      "mean_auc": 1.0,
      "std_auc": 0.0
    },
    "Naive Bayes": {
      "mean_auc": 0.9916,
      "std_auc": 0.007631513611335571
    },
    "SVM": {
      "mean_auc": 1.0,
      "std_auc": 0.0
    },
    "Decision Tree": {
      "mean_auc": 0.984,
      "std_auc": 0.008000000000000045
    },
    "Random Forest": {
      "mean_auc": 1.0,
      "std_auc": 0.0
    },
    "Gradient Boosting": {
      "mean_auc": 0.9941599999999999,
      "std_auc": 0.007326008463003546
    },
    "AdaBoost": {
      "mean_auc": 1.0,
      "std_auc": 0.0
    },
    "Voting Ensemble": {
      "mean_auc": 0.9998400000000001,
      "std_auc": 0.00032000000000000913
    },
    "Stacking Ensemble": {
      "mean_auc": 1.0,
      "std_auc": 0.0
    }
  },
  "best_model_name": "Logistic Regression",
  "global_importances": {
    "sg": 0.7266731016731012,
    "rbc": 0.08268983268983297,
    "hemo": 0.04794079794079773,
    "sc": 0.03619691119691111,
    "al": 0.024453024453024497,
    "htn": 0.019948519948519965,
    "pe": 0.019626769626770887,
    "pcv": 0.018822393822393833,
    "su": 0.010617760617761826,
    "rbcc": 0.009813384813384105,
    "pc": 0.0019305019305005061,
    "bgr": 0.001287001287001677,
    "age": 0.0,
    "bu": 0.0,
    "dm": 0.0
  },
  "feature_stats": {
    "age": {
      "mean": 51.5040776772398,
      "std": 16.980294593147388,
      "min": 2.0,
      "max": 90.0
    },
    "bp": {
      "mean": 76.41792158939424,
      "std": 13.490069509325608,
      "min": 50.0,
      "max": 180.0
    },
    "sg": {
      "mean": 1.0170588815037331,
      "std": 0.005754966148433872,
      "min": 0.9895987495131539,
      "max": 1.025
    },
    "al": {
      "mean": 1.077629146631083,
      "std": 1.323145878951802,
      "min": -0.17314158842513017,
      "max": 5.509624506164596
    },
    "su": {
      "mean": 0.4649611764147742,
      "std": 1.0766013806289725,
      "min": -0.5452468843453602,
      "max": 5.0
    },
    "rbc": {
      "mean": 0.7728990769549888,
      "std": 0.3320530266193854,
      "min": -0.3912741867543692,
      "max": 1.0709804485410213
    },
    "pc": {
      "mean": 0.7701074754209898,
      "std": 0.3917518297937618,
      "min": 0.0,
      "max": 1.1304052638953483
    },
    "pcc": {
      "mean": 0.10475183975621707,
      "std": 0.3070438967604836,
      "min": -0.05667113633525678,
      "max": 1.0
    },
    "ba": {
      "mean": 0.054902316998553344,
      "std": 0.22829175577173574,
      "min": -0.013625724238105368,
      "max": 1.0
    },
    "bgr": {
      "mean": 148.53000110684658,
      "std": 77.21911774186322,
      "min": 22.0,
      "max": 490.0
    },
    "bu": {
      "mean": 57.33068238146449,
      "std": 49.609014468540174,
      "min": 1.5,
      "max": 391.0
    },
    "sc": {
      "mean": 3.048246504019174,
      "std": 5.624096753836845,
      "min": 0.16482183007291695,
      "max": 76.0
    },
    "sod": {
      "mean": 137.3311464912643,
      "std": 9.978987823844287,
      "min": 4.5,
      "max": 163.0
    },
    "pot": {
      "mean": 4.547025631297338,
      "std": 2.8643915033447906,
      "min": -0.36739596745323144,
      "max": 47.0
    },
    "hemo": {
      "mean": 12.532989147171437,
      "std": 2.752086480119817,
      "min": 3.1,
      "max": 17.8
    },
    "pcv": {
      "mean": 38.42068681327681,
      "std": 8.533124753534503,
      "min": 9.0,
      "max": 54.0
    },
    "wbcc": {
      "mean": 8429.87257142657,
      "std": 2531.8576036245195,
      "min": 2200.0,
      "max": 26400.0
    },
    "rbcc": {
      "mean": 4.575189392627426,
      "std": 0.9340840415507534,
      "min": 2.1,
      "max": 8.0
    },
    "htn": {
      "mean": 0.3676619550280955,
      "std": 0.4826099140587451,
      "min": 0.0,
      "max": 1.0
    },
    "dm": {
      "mean": 3.3001527048251442,
      "std": 0.5794540440432553,
      "min": 0.0,
      "max": 4.0
    },
    "cad": {
      "mean": 1.0800206811378092,
      "std": 0.2894951909531522,
      "min": 0.0,
      "max": 2.0
    },
    "appet": {
      "mean": 0.2054240225666247,
      "std": 0.4040805510497769,
      "min": 0.0,
      "max": 1.0
    },
    "pe": {
      "mean": 0.19010715415179313,
      "std": 0.3927460839541986,
      "min": 0.0,
      "max": 1.0
    },
    "ane": {
      "mean": 0.15013242777498334,
      "std": 0.35747270639331985,
      "min": 0.0,
      "max": 1.0
    }
  }
}